Keywords,Search Volume
contact,90500
DUI attorney,22200
criminal defense,5400
Georgia child support calculator,2900
divorce in Georgia,2900
Georgia divorce laws,1900
is Georgia a community property state,1300
arbitration vs litigation,1000
uncontested divorce Georgia,1000
Atlanta divorce lawyers,720
adoption in Georgia,720
drug offense attorney,720
how to file for divorce in Georgia,480
alimony in Georgia,390
protective order Georgia,390
Georgia attorneys,320
Georgia child support laws,320
guardian ad litem Georgia,320
when does child support end,320
child support in Georgia,260
guardianship in Georgia,260
Georgia alimony laws,210
financial planning divorce,210
grounds for divorce in Georgia,210
how to file for child support in Georgia,210
legal separation Georgia,210
Georgia alimony calculator,170
divorce resources,140
Georgia adoption laws,110
fathers rights in Georgia,110
how long does a divorce take in Georgia,110
adoption process in Georgia,90
cost of divorce in Georgia,90
divorce mediation Georgia,90
Georgia child custody laws,70
annulment Georgia,70
child support modification Georgia,70
legitimation lawyer Atlanta,70
stepparent adoption Georgia,70
when does child support end in Georgia,70
child custody in Georgia,50
military divorce Georgia,50
schedule consultation,50
Georgia paternity laws,40
child custody modification Georgia,30
contested divorce Georgia,30
child support arrears Georgia,20
collaborative divorce Georgia,20
default divorce Georgia,20
grandparents visitation rights Georgia,20
best interest of the child Georgia,10
full custody Georgia,10
sole custody Georgia,10
Gwinnett divorce lawyers,0
attorney John Evans,0
child visitation schedule Georgia,0
contempt lawyer Atlanta,0
fault vs no fault divorce Georgia,0
how to prepare for child custody hearing,0
power of attorney vs guardianship Georgia,0
prenuptial agreements Georgia,0
TDE Law family law blog,
TDE Law privacy policy,
TDE Law reviews,
TDE Law story,
TDE Law testimonials,
attorney Barry Eidex,
attorney McCoy G. Martinez,
attorney Tessie D. Edwards,
attorney Vernon Foley,
child custody and divorce Georgia,
dating after divorce Georgia,
divorcing a narcissist Georgia,
gray divorce Georgia,
high net worth divorce Georgia,
parental rights Atlanta,
paternity in Georgia,
property division in Georgia,
property division laws in Georgia,
same sex divorce Georgia,
social media and divorce Georgia,
what age can a child choose parent in Georgia,
what is a prenuptial agreement in Georgia,
TDE Law,
TDE Law office locations Georgia,
attorney Lolita K. Beyah,
divorce tax implications Georgia,
unmarried parents custody rights Georgia,
wage garnishment child support Georgia,
how to petition for guardianship in Georgia,
how to establish guardianship in Georgia,
what is guardianship in Georgia,
how to talk about prenuptial agreements,
divorce modifications Georgia,
emergency orders divorce,
shared business divorce,
mothers rights lawyer Atlanta,