URL,Type,Status Code,Title 1,Meta Description 1,H1-1
https://www.bankfivenine.com/business/cash-management/ach-origination/ach-user-information/,Service,200,ACH User Information | Bank Five Nine,Automated Clearing House (ACH) is a network used for electronic payments and money transfers. Learn more about Bank Five Nine's ACH offerings!,ACH User Information
https://www.bankfivenine.com/personal/banking/kids-accounts/,Service,200,Kids Savings Account | Good Savers Rewards | Bank Five Nine,Start building financial habits early. Secure savings accounts for kids with fun rewards and no monthly maintenance fees from Bank Five Nine.,Banking For Kids
https://www.bankfivenine.com/resources/learn-something-new/demo-videos/,Supporting,200,Personal Banking Demos & Tutorials | Bank Five Nine,Explore Bank Five Nine Demo Videos to see how our products and services work and learn to manage banking tasks securely and efficiently.,Personal Banking Demos & Tutorials
https://www.bankfivenine.com/business/banking/business-checking/,Service,200,Business Checking Accounts | Bank Five Nine,"Bank Five Nine offers a variety of business checking accounts to meet the needs of your business, with options that provide no monthly fees & low minimum balance requirements.",Business Checking Accounts
https://www.bankfivenine.com/business/lending/commercial-lenders/,Service,200,Commercial Lenders | Bank Five Nine,Connect with Bank Five Nine Commercial Lenders for financing solutions tailored to your business needs and help your company grow effectively.,Commercial Lenders
https://www.bankfivenine.com/about-us/,Supporting,200,About Us | Bank Five Nine,"Learn about Bank Five Nine, a community bank serving Wisconsin with personalized banking services, local commitment, and trusted expertise.",Community Banking You Can Trust
https://www.bankfivenine.com/personal/banking/bankwork-employee-banking-benefits/,Service,200,Bank@Work | Bank at Work Program | Bank Five Nine,Enjoy exclusive banking benefits with Bank Five Nine's Bank at Work program. Tailored financial services and perks for employees to manage finances effectively,Bank@Work - Employee Banking Benefits
https://www.bankfivenine.com/about-us/careers/,Supporting,200,Banking Jobs | Bank Five Nine Careers,"Explore rewarding banking careers at Bank Five Nine. Discover open positions, career paths, and opportunities to grow with a community-focused bank.",Careers
https://www.bankfivenine.com/business/manage-account/,Service,200,Business Banking Account Management | Bank Five Nine,Bank Five Nine assists you with managing your business banking accounts through our business banking tools & solutions. Learn more.,Manage Business Account
https://www.bankfivenine.com/about-us/charitable/,Supporting,200,Charitable Giving | Bank Five Nine,Learn about Bank Five Nine's charitable efforts. Discover how we support and give back to our communities through various initiatives and contributions.,Charitable Giving
https://www.bankfivenine.com/about-us/community/,Supporting,200,Community Involvement | Bank Five Nine,We're all about the community. Check out our donation pictures and charitable giving program.,Community Involvement
https://www.bankfivenine.com/personal/banking/prepaid-cards/,Service,200,Prepaid Cards & Travel Cards | Bank Five Nine,Get flexible spending with Bank Five Nine's prepaid & travel cards. Ideal for budgeting and managing expenses without a traditional account. Secure and convenient solutions.,Manage Your Finances with Prepaid Cards
https://www.bankfivenine.com/about-us/letter-from-the-president/,Supporting,200,Corporate President’s Message | Bank Five Nine,"Read the letter from Bank Five Nine's President. Learn about our mission, vision, and commitment to our customers and community.",Corporate President’s Message
https://www.bankfivenine.com/business/banking/business-online-banking/,Service,200,Commercial Online Banking | Bank Five Nine,"Experience the convenience of business online banking with Bank Five Nine. Securely manage your finances anytime, anywhere.",Commercial Online Banking
https://www.bankfivenine.com/personal/manage-personal-account/,Service,200,Manage Your Personal Bank Account | Bank Five Nine,"Simplify your financial life with Bank Five Nine's personal bank account management services. Access online banking, mobile apps, and personalized support.",Manage Your Personal Banking Account
https://www.bankfivenine.com/personal/banking/mobile-banking/,Service,200,Mobile Banking App | Bank Five Nine,"Manage your finances on the go with Bank Five Nine's mobile banking app. Secure, convenient, and easy to use.",Mobile Banking
https://www.bankfivenine.com/personal/lending/mortgage/,Service,200,Mortgage Home Loans | Bank Five Nine,Secure your dream home with Bank Five Nine's mortgage loans. Competitive rates and personalized service to make your home-buying journey smooth and affordable.,Low Closing Cost Mortgages
https://www.bankfivenine.com/personal/lending/mortgage/mortgage-lenders/,Service,200,Mortgage Lenders | Bank Five Nine,"Bank Five Nine Mortgage Lenders provide personalized home financing solutions to guide you through loans, rates, and closing with confidence.",Mortgage Lenders
https://www.bankfivenine.com/personal/banking/online-banking/,Service,200,Online Banking Services | Bank Five Nine,"Discover safe and secure online banking services at Bank Five Nine. Access online bill pay, account management, and more.",Online Banking Services
https://www.bankfivenine.com/business/banking/business-checking/ordering-replacement-business-checks/,Service,200,Order Replacement Business Checks | Bank Five Nine,Order replacement business checks with ease at BankFive Nine. Follow our simple steps to ensure you always have the checks you need for your business.,Ordering Replacement Business Checks
https://www.bankfivenine.com/personal/banking/personal-bankers/,Service,200,Personal Bankers | Bank Five Nine,"Meet Bank Five Nine Personal Bankers for tailored advice and services that help you manage accounts, savings, loans, and other personal banking needs.",Personal Bankers
https://www.bankfivenine.com/business/cash-management/ach-origination/ach-user-information/ach-return-reference-guide/,Service,200,ACH Return Reference Guide | Bank Five Nine,Access the ACH Return Reference Guide for BankFive Nine. Get detailed information on ACH origination and handling return transactions efficiently.,ACH Return Reference Guide
https://www.bankfivenine.com/business/cash-management/ach-origination/ach-user-information/glossary-of-ach-terms/,Service,200,Glossary of ACH Terms | Bank Five Nine,Learn key ACH terms and definitions with Bank Five Nine’s Glossary of ACH Terms. Understand electronic payment processes and improve your business cash management.,Glossary of ACH Terms
https://www.bankfivenine.com/business/cash-management/ach-origination/ach-user-information/noc-reference-guide/,Service,200,NOC Reference Guide | Bank Five Nine,A Notification of Change (NOC) is a non-dollar entry transmitted by a Receiving Depository Financial Institution (RDFI).,NOC Reference Guide
https://www.bankfivenine.com/business/cash-management/banking-demo-videos/,Service,200,Business Cash Management Demo Videos | Bank Five Nine,"Watch Bank Five Nine banking demo videos to learn how to use business cash management and banking services effectively, securely, and efficiently.",Business Cash Management Demo Videos
https://www.bankfivenine.com/business/cash-management/meet-cash-management-team/,Service,200,Cash Management Team | Bank Five Nine,"Meet the Bank Five Nine Cash Management Team and get expert guidance on business banking, payments, deposits, and cash flow solutions for your company.",Meet Your Cash Management Team
https://www.bankfivenine.com/business/lending/business-loans/,Service,200,Business Loans | Bank Five Nine,"Whether you’re expanding business, buying major assets, or replenishing working capital, we'll structure a loan that meets your needs at a competitive rate.",Business Loans
https://www.bankfivenine.com/personal/banking/online-banking/account-alerts/,Service,200,Personal Checking Account Alerts | Bank Five Nine,"Stay informed with Bank Five Nine's Account Alerts. Get real-time notifications about your account activity, ensuring you never miss important updates.",Personal Checking Account Alerts
https://www.bankfivenine.com/personal/banking/online-banking/estatements/,Service,200,eStatements | Bank Five Nine,"Go paperless with Bank Five Nine's eStatements. Access your bank statements online anytime, securely and conveniently, while helping the environment.",eStatements
https://www.bankfivenine.com/personal/banking/online-banking/online-bill-pay/,Service,200,Online Bill Pay | Bank Five Nine,"Manage your bills with ease using Bank Five Nine's Online Bill Pay. Discover the convenience and security of paying bills online anytime, anywhere.",Online Bill Pay
https://www.bankfivenine.com/personal/banking/personal-checking/,Service,200,Personal Checking Accounts | Bank Five Nine,"View our personal checking options, including Free Checking featuring a no-fee, no minimum balance & free access to 600+ ATM locations. Open an account online.",Personal Checking Accounts
https://www.bankfivenine.com/personal/banking/personal-checking/direct-deposit-enrollment/,Service,200,Direct Deposit Enrollment | Bank Five Nine,Enroll in direct deposit with Bank Five Nine. Enjoy the convenience of having your paycheck automatically deposited into your account securely and on time.,Direct Deposit Enrollment
https://www.bankfivenine.com/personal/banking/personal-checking/ordering-replacement-checks/,Service,200,Ordering Replacement Checks | Bank Five Nine,Order replacement checks quickly and easily with Bank Five Nine. Get the checks you need to manage your finances with our simple online ordering process.,Ordering Replacement Checks
https://www.bankfivenine.com/personal/banking/personal-checking/overdraft-services/,Service,200,Overdraft Services | Bank Five Nine,Learn about Bank Five Nine's overdraft services for personal checking accounts. Manage your finances and avoid overdraft fees.,Overdraft Services
https://www.bankfivenine.com/personal/banking/resources/,Service,200,Banking Support | Resources | Bank Five Nine,"Bank Five Nine's business banking resources is your one-stop shop for secure email instructions, incoming domestic wire transfer information, & telephone banking.",Banking Support Resources
https://www.bankfivenine.com/personal/banking/resources/24-hour-telephone-banking/,Service,200,24-Hour Telephone Banking | Bank Five Nine,"Access your BankFive accounts anytime with 24-hour telephone banking, offering convenient, secure, and easy-to-use phone banking services for your financial needs.",24-Hour Telephone Banking
https://www.bankfivenine.com/personal/banking/resources/secure-email-instructions/,Service,200,Secure Email Instructions | Bank Five Nine,Follow these simple steps to send secure emails through Bank Five Nine. Protect your personal information with our easy-to-use secure email system.,Secure Email Instructions
https://www.bankfivenine.com/personal/banking/resources/wire-transfer-information/,Service,200,Wire Transfer Information | Bank Five Nine,Get essential details for wire transfers with Bank Five Nine. Learn how to securely send and receive funds quickly and efficiently.,Wire Transfer Information
https://www.bankfivenine.com/personal/banking/value-checking/,Service,200,Value Checking - Bank Five Nine,Discover the benefits of Value Checking at Bank Five Nine. Enjoy convenient features and low fees designed to meet your everyday banking needs.,Value Checking
https://www.bankfivenine.com/personal/lending/,Service,200,Personal Lending | Bank Five Nine,"Explore Bank Five Nine personal lending options, including personal loans, home equity lines, and financing solutions to help you achieve your financial goals.",Lending For You
https://www.bankfivenine.com/personal/lending/mortgage/mortgage-loan-servicing-bill-payment/,Service,200,Mortgage Loan Servicing & Bill Payment | Bank Five Nine,Bank Five Nine offers online mortgage and bill payment services for personal lending customers. Manage your payments and bills conveniently from anywhere!,Mortgage Loan Servicing & Bill Payment
https://www.bankfivenine.com/personal/lending/mortgage/mortgage-resources/,Service,200,Mortgage Resources | Bank Five Nine,"Access essential mortgage resources with Bank Five Nine. Get the tools, tips, and information you need to make informed home financing decisions.",Mortage Resources
https://www.bankfivenine.com/personal/manage-personal-account/authorize-and-pay-overdrafts-debit-card-transactions/,Service,200,Authorize And Pay Overdrafts On Debit Card Transactions | Bank Five Nine,Learn how to authorize and manage overdrafts and debit card transactions with Bank Five Nine. Stay informed about your account options and fees.,Authorize and Pay Overdrafts On Debit Card Transactions
https://www.bankfivenine.com/personal/manage-personal-account/changes-to-debit-card/,Service,200,Make Changes to your Debit Card | Bank Five Nine,Stay informed about important changes to your Bank Five Nine debit card. Learn what’s new and how these updates enhance your banking experience.,Changes to Debit Card
https://www.bankfivenine.com/personal/manage-personal-account/combine-account-statements/,Service,200,Combine Your Account Statements | Bank Five Nine,Streamline your finances by combining account statements with Bank Five Nine. Learn how to easily manage multiple accounts in one statement.,Combine Account Statements
https://www.bankfivenine.com/personal/manage-personal-account/increase-debit-card-limit/,Service,200,Increase Your Debit Card Limit | Bank Five Nine,"Learn how to increase your debit card limit with Bank Five Nine. Enjoy greater spending flexibility, convenience, and control over your personal account today.",Increase Debit Card Limit
https://www.bankfivenine.com/personal/manage-personal-account/increase-mobile-deposit-limit/,Service,200,Increase Your Mobile Deposit Limit | Bank Five Nine,Increase your mobile deposit limit with Bank Five Nine. Enjoy greater convenience and flexibility when depositing checks from your personal account.,Increase Mobile Deposit Limit
https://www.bankfivenine.com/personal/manage-personal-account/request-check-images-or-statements/,Service,200,Request Check Images or Statements | Bank Five Nine,Easily request check images or statements with Bank Five Nine. Access your account records securely and conveniently anytime for personal banking needs.,Request Check Images or Statements
https://www.bankfivenine.com/resources/learn-something-new/,Supporting,200,Learn About Banking | Bank Five Nine,"Learn something new about banking with Bank Five Nine's Financial Education Center. Here you'll find financial basics, demo videos, & blogs.",Learn More About Banking
https://www.bankfivenine.com/business/banking/,Service,200,Business Banking Services | Bank Five Nine,"Bank Five Nine's business banking services include loans, credit, savings & checking & more, all of which are tailored specifically to your business.",Business Banking Services
https://www.bankfivenine.com/business/banking/business-mobile-banking/,Service,200,Business Mobile Banking & Deposit | Bank Five Nine,"Bank Five Nine makes it easy to manage your business finances. With mobile business banking & business mobile deposit, track your accounts anywhere, anytime.",Business Mobile Banking
https://www.bankfivenine.com/personal/banking/cds-iras/,Service,200,CDs & IRAs | Long Term Savings Account | Bank Five Nine,Earn more on your deposit with long-term savings accounts like CDs & IRAs. Learn more about these low-risk investments & give one of our personal bankers a call.,CDs & IRAs
https://www.bankfivenine.com/about-us/contact-bank-five-nine/,Supporting,200,Contact Us | Bank Five Nine,Need to get in touch or have a question? Contact us today! We'll get you the assistance you need.,Contact Bank Five Nine
https://www.bankfivenine.com/personal/banking/personal-checking/debit-cards/,Service,200,Debit Cards | Bank Five Nine,"Apply for a debit card with Bank Five Nine & receive access to your checking account with just a swipe. When you need cash, the card doubles as an ATM card!",Debit Cards
https://www.bankfivenine.com/about-us/history/,Supporting,200,Our History | Bank Five Nine,"Founded in 1859, Bank Five Nine has a rich history! Learn how our commitment to community banking has evolved, delivering exceptional service and trust.",Our History
https://www.bankfivenine.com/business/banking/business-online-banking/business-online-bill-pay/,Service,200,Business Online Banking: Commercial Bill Pay | Bank Five Nine,"Pay bills anytime, anywhere. Access your accounts 24/7 9 and view transaction history with Business Online Bill Pay from Bank Five Nine.",Commercial Online Banking
https://www.bankfivenine.com/business/cash-management/,Service,200,Business Cash Management | Bank Five Nine,"With Bank Five Nine's business cash management, automatically debit your authorized customer’s accounts, schedule payments to vendors & accept credit card payments.",Cash Management Services
https://www.bankfivenine.com/business/cash-management/ach-origination/,Service,200,ACH Origination | Bank Five Nine,"ACH, or Automated Clearing House, is a fast, convenient & cost-effective payment method that can be used to make payments & collect funds. Learn more.",ACH Origination
https://www.bankfivenine.com/banking-calculators/,Supporting,200,Financial Calculators - Bank Five Nine,Use our financial calculators to help plan your financial future! Contact Bank Five Nine to learn more about our savings and loan opportunities!,Banking Calculators
https://www.bankfivenine.com/business/banking/business-bankers/,Service,200,Business Bankers | Bank Five Nine,Meet Bank Five Nine Business Bankers for expert guidance and personalized banking solutions to help your company manage finances efficiently.,Business Bankers
https://www.bankfivenine.com/business/cash-management/business-mobile-banking-and-deposit/,Service,200,Cash Management Mobile Deposit and Approvals | Bank Five Nine,"Bank Five Nine makes it easy to manage your business finances. With mobile business banking & business mobile deposit, track your accounts anywhere, anytime.",Business Mobile Banking
https://www.bankfivenine.com/business/cash-management/commercial-online-bill-pay/,Service,200,Cash Management: Commercial Online Bill Pay | Bank Five Nine,Streamline accounts payable with Commercial Bill Pay. Automate payments and manage cash flow from multiple accounts with Bank Five Nine.,Commercial Bill Pay
https://www.bankfivenine.com/business/cash-management/express-deposit/,Service,200,Remote Deposit Capture | Bank Five Nine,"Learn how Remote Deposit Capture works & discover the key advantages of Bank Five Nine's services. If you need more information, please contact us today!",Remote Deposit Capture
https://www.bankfivenine.com/business/cash-management/investment-sweep-account/,Service,200,ICS® and CDARS® | Bank Five Nine,"Learn more about Bank Five Nine's investment sweep account. With IntraFi® Network DepositsSM, access multi-million-dollar FDIC protection by working directly with us.",ICS® and CDARS®
https://www.bankfivenine.com/business/cash-management/merchant-services/,Service,200,Merchant Services | Bank Five Nine,Bank Five Nine has teamed up with Clover Merchant Services to simplify your operations with an all-in-one payment processing system & business management solution.,Merchant Services
https://www.bankfivenine.com/business/cash-management/payroll-services/,Service,200,Integrated Payroll Services | Bank Five Nine,"Our partner, Integrated Payroll Services, Inc. (iPS), has licensed CPAs on staff & a dedicated team of professionals providing support. Learn more",IPS Payroll Services
https://www.bankfivenine.com/business/cash-management/positive-pay/,Service,200,Positive Pay & ACH Filtering | Bank Five Nine,Bank Five Nine offers crime-fighting systems like Positive Pay & ACH Filtering to help stop fraudulent activity before it starts. Learn more.,Positive Pay & ACH Filtering
https://www.bankfivenine.com/business/cash-management/wire-origination/,Service,200,Wire Origination | Bank Five Nine,Wire Origination makes sending money from point A to point B quick & easy. Learn how it works & the key advantages.,Wire Origination
https://www.bankfivenine.com/business/lending/,Service,200,Business Lending Solutions | Bank Five Nine,Bank Five Nine has the tools you need to reach your business goals through unique SBA & business lending solutions & financial business plans. Learn more.,Business Lending Solutions
https://www.bankfivenine.com/business/lending/business-credit-cards/,Service,200,Business Credit Cards | Bank Five Nine,"Our industry-leading business credit cards offer competitive pricing, combined with a full range of reward options. Contact us tp learn more & apply now!",Business Credit Cards
https://www.bankfivenine.com/business/lending/business-line-of-credit/,Service,200,Open A Business Line of Credit | Bank Five Nine,"Fund your short-term working capital needs with a business line of credit. For more information on how businesses obtain & use credit, contact us.",Business Line of Credit
https://www.bankfivenine.com/business/lending/commercial-real-estate-loans/,Service,200,Commercial Real Estate Loans | Bank Five Nine,Commercial real estate loans from Bank Five Nine help small business owners & commercial real estate investors provide financing to help investments grow.,Commercial Real Estate Loans
https://www.bankfivenine.com/business/lending/sba-loan-solutions/,Service,200,SBA Lenders & Loan Solutions | Bank Five Nine,"Bank Five Nine is one of the top SBA lenders in Wisconsin, & a top 30 lender in the nation for SBA loan solutions. Contact a commercial lender today!",SBA Lending
https://www.bankfivenine.com/business/lending/standby-letters-of-credit/,Service,200,Standby Letters Of Credit | Bank Five Nine,Standby letters of credit support business contracts & purchase agreements & ensure your creditworthiness to vendors. Contact a commercial lender today.,Standby Letters of Credit
https://www.bankfivenine.com/open-new-account/,Supporting,200,Open Bank Account Online | Bank Five Nine,"New & current customers can open a bank account online, including checking, savings, or money market account. Open a bank account online with Bank Five Nine.",Open A New Account
https://www.bankfivenine.com/personal/banking/,Service,200,Personal Banking Services | Bank Five Nine,"Bank Five Nine offers a variety of personal banking services, including checking, savings, debit, credit & more. We're ready to help. Give us a call!",Personal Banking Services
https://www.bankfivenine.com/personal/banking/credit-cards/,Service,200,Consumer & Business Credit Cards | Bank Five Nine,Bank Five Nine offers both consumer & business credit cards with competitive pricing & a full range of reward options. We'll find a card that works for you.,Credit Cards
https://www.bankfivenine.com/personal/banking/current-rates/,Service,200,Current Rates - Bank Five Nine,"Check Bank Five Nine's current rates for savings, loans, and more. Stay updated on the latest rates to make informed financial decisions.",Bank Five Nine Rates
https://www.bankfivenine.com/personal/banking/kids-accounts/good-savers-scholarship/,Service,200,Good Savers Scholarship - Bank Five Nine,Learn about BankFive Nine's Good Savers Scholarship for kids. Encourage good saving habits and help your child earn a scholarship for their future.,Good Savers Scholarship
https://www.bankfivenine.com/personal/banking/mobile-banking/manage-my-debit-card/,Service,200,Manage My Debit Card - Bank Five Nine,"Take control of your finances with BankFiveNine's mobile banking. Easily manage your debit card, monitor transactions, and set alerts from your phone.",Manage My Debit Card
https://www.bankfivenine.com/personal/banking/money-market/,Service,200,Money Market Accounts | Bank Five Nine,Earn more on your deposit with long-term Money Market savings accounts. Learn more about these low-risk investments & give one of our personal bankers a call.,Money Market Accounts
https://www.bankfivenine.com/personal/banking/personal-savings-accounts/,Service,200,"Personal Savings Accounts | Money Markets, CDs & IRAs",Choose from a variety of personal savings options to best fit your goals. Open an account online or contact a personal banker to discuss your unique needs.,Personal Savings Accounts
https://www.bankfivenine.com/locations/branch/grafton/,Location,200,"Bank Five Nine - Grafton, WI","Community bank in Grafton WI. We offer checking, savings, online accounts, & more for personal and business banking needs. Schedule an Appointment.",Bank Five Nine - Grafton
https://www.bankfivenine.com/locations/branch/hartland/,Location,200,"Bank Five Nine - Hartland, WI","Community bank in Hartland WI. We offer checking, savings, online accounts, & more for personal and business banking needs. Schedule an Appointment.",Bank Five Nine - Hartland
https://www.bankfivenine.com/locations/branch/hartford/,Location,200,"Bank Five Nine - Hartford, WI","Community bank in Hartford WI. We offer checking, savings, online accounts, & more for personal and business banking needs. Schedule an Appointment.",Bank Five Nine - Hartford
https://www.bankfivenine.com/locations/branch/milwaukee/,Location,200,"Bank Five Nine - Milwaukee, WI","Community bank in Milwaukee WI . We offer checking, savings, online accounts, & more for personal and business banking needs. Schedule an Appointment.",Bank Five Nine - Milwaukee
https://www.bankfivenine.com/locations/branch/menomonee-falls/,Location,200,"Bank Five Nine - Menomonee Falls, WI","Community bank in Menomonee Falls WI. We offer checking, savings, online accounts, & more for personal and business banking needs. Schedule an Appointment.",Bank Five Nine - Menomonee Falls
https://www.bankfivenine.com/locations/branch/brookfield-capitol-dr/,Location,200,"Bank Five Nine - Capitol Drive, Brookfield, WI","Visit the Bank Five Nine Brookfield Capitol Drive branch. Get directions, check hours, and find personalized service near you.","Bank Five Nine - Capitol Drive, Brookfield"
https://www.bankfivenine.com/locations/branch/glendale/,Location,200,"Bank Five Nine - Glendale, WI","Community bank in Glendale WI. We offer checking, savings, online accounts, & more for personal and business banking needs. Schedule an Appointment.",Bank Five Nine - Glendale
https://www.bankfivenine.com/locations/branch/brookfield-north-ave/,Location,200,"Bank Five Nine - North Avenue, Brookfield, WI","Visit the Bank Five Nine Brookfield North Ave branch. Get directions, check hours, and find personalized service near you.","Bank Five Nine - North Avenue, Brookfield"
https://www.bankfivenine.com/locations/branch/germantown/,Location,200,"Bank Five Nine - Germantown, WI","Community bank in Germantown WI. We offer checking, savings, online accounts, & more for personal and business banking needs. Schedule an Appointment.",Bank Five Nine - Germantown
https://www.bankfivenine.com/locations/branch/mequon/,Location,200,"Bank Five Nine - Mequon, WI","Community bank in Mequon WI. We offer checking, savings, online accounts, & more for personal and business banking needs. Schedule an Appointment.",Bank Five Nine - Mequon
https://www.bankfivenine.com/locations/branch/menomonee-falls-loan-office/,Location,200,Menomonee Falls Mortgage Lender - Bank Five Nine,Visit Bank Five Nine's Menomonee Falls Loan Office for expert lending solutions. Achieve your financial goals with our professionals. Come in today!,Bank Five Nine - Menomonee Falls Mortgage Lender
https://www.bankfivenine.com/locations/branch/burlington/,Location,200,Burlington (Loan Office) - Bank Five Nine,"Visit BankFiveNine's Burlington branch for all your banking needs. Find location details, hours, and services offered to assist you with your financial goals.",Bank Five Nine - Burlington Mortgage Lender
https://www.bankfivenine.com/locations/branch/rothschild/,Location,200,Rothschild Mortgage Lender - Bank Five Nine,"Bank Five Nine offers a variety of home loan options to meet your needs. Plus, we make mortgage lending a personal experience! Visit our Rothschild branch!",Bank Five Nine - Rothschild Mortgage Lender
https://www.bankfivenine.com/locations/branch/oconomowoc/,Location,200,"Bank Five Nine - Oconomowoc, WI","Visit the Bank Five Nine Oconomowoc W Wisconsin Ave branch. Get directions, check hours, and find personalized local banking services.",Bank Five Nine - Oconomowoc
https://www.bankfivenine.com/locations/branch/west-bend/,Location,200,"Bank Five Nine - West Bend, WI","Community bank in West Bend WI. We offer checking, savings, online accounts, & more for personal and business banking needs. Schedule an Appointment.",Bank Five Nine - West Bend
https://www.bankfivenine.com/locations/branch/appleton/,Location,200,Appleton Mortgage Lender | Appleton Bank - Bank Five Nine,"Bank Five Nine offers a variety of home loan options to meet your needs. Plus, we make lending a personal experience! Visit our Appleton branch today!",Bank Five Nine - Appleton Mortgage Lender
https://www.bankfivenine.com/locations/branch/howard-ave/,Location,200,Bank Locations Howard Ave. | Howard Ave. Bank | Bank Five Nine,Need to Stop In? Visit Our Howard Ave. Location and See What Bank Five Nine Can Do For You!,Bank Five Nine - Howard Ave. Bank Locations
https://www.bankfivenine.com/locations/branch/bluemound-rd/,Location,200,Milwaukee Mortgage Lender | Bank on Bluemound Road - Bank Five Nine,"Bank Five Nine offers a variety of home loan options to meet your needs. Plus, we make lending a personal experience! Visit our branch on Bluemound Road!",Bank Five Nine - Milwaukee Mortgage Lender
https://www.bankfivenine.com/locations/branch/west-allis-loan-office/,Location,200,West Allis Mortgage Lender - Bank Five Nine,"Bank Five Nine offers a variety of home loan options to meet your needs. Plus, we make mortgage lending a personal experience! Visit our West Allis branch today!",Bank Five Nine - West Allis Mortgage Lender
https://www.bankfivenine.com/locations/branch/new-richmond-loan-office/,Location,200,New Richmond Mortgage Lender - Bank Five Nine,"Bank Five Nine offers a variety of home loan options to meet your needs. Plus, we make mortgage lending a personal experience! Visit our New Richmond branch!",Bank Five Nine - New Richmond Mortgage Lender
https://www.bankfivenine.com/locations/branch/franksville-loan-office/,Location,200,Franksville (Loan Office) - Bank Five Nine,"Visit Bank Five Nine’s Franksville, WI Loan Office for home loan and refinance help. Appointments are available. Call or request a meeting with our team today.",Bank Five Nine - Franksville (Loan Office)
https://www.bankfivenine.com/locations/branch/kenosha/,Location,200,"Bank Locations in Kenosha, WI | Kensohsa Bank | Bank Five Nine",Need to Stop In? Visit Our Kenosha Location and See What Bank Five Nine Can Do For You!,Bank Five Nine - Kenosha Bank Location