Landing page + query string,Page Title,H2-1,H2-2,Sessions,Key events,Total users,Bounce rate,New users,Engaged sessions,Views,Active users,Average engagement time per active user
/about-sales-xceleration/,About Sales Xceleration,Meet Our Leadership Team,,663,3,598,0.4917043741,539,337,933,592,33.36655405
/state-of-sales/,2025 State of Sales | Small to Mid-Size Businesses,The State of Sales: Crafting High-Performing Sales Organizations,Sales Strategy,310,0,304,0.8064516129,294,60,349,301,4.392026578
/contact-us/,Contact Us,,,281,9,280,0.4448398577,272,156,425,279,22.06810036
/free-sales-resources/,Free Sales Tools and Resources,Not sure where to start? Here are our top picks:,The AI Security Playbook: 6 Essentials Every Sales Organization Needs,195,0,116,0.7794871795,97,43,280,114,49.42105263
/case-studies/,Sales Success Stories and Case Studies,Featured Case Studies,,149,0,130,0.6040268456,118,59,301,129,62.18604651
/client-solutions/,Tailored Sales Solutions for Your Business,Fractional Sales Leader: Your Source for Sales Success,Certified Sales Operating Management SystemTM,149,0,131,0.5973154362,82,60,248,121,50.80165289
/private-equity-solutions/tech-mfg-case-study/,Investment Profile and Challenges,$5M Turnaround: Inside Sales Xceleration's Sales Growth Strategy,Portfolio Company Challenges,118,0,94,0.5762711864,86,50,169,92,57.22826087
/podcasts/,Sales Against The Odds,Latest Episode,Episode Library,104,1,92,0.4615384615,78,56,175,90,24.83333333
/ai-sales-tools-readiness-assessment/,AI Readiness Check: Is Your Sales Organization Ready to Transform?,,,95,0,67,0.6631578947,52,32,298,65,70.09230769
/what-it-really-takes-to-build-a-resilient-business/,What It Really Takes To Build A Resilient Business,,,83,0,83,0.6024096386,77,33,107,83,5.337349398
/important-benefits-and-pitfalls-of-ai-for-sales/,Important Benefits and Pitfalls of AI for Sales,What Is AI?,And What Is ChatGPT?,82,0,78,0.5975609756,77,33,87,77,20
/testimonials/,Client Testimonials and Success Stories from Sales Xceleration,,,77,0,74,0.5064935065,58,38,158,71,61.6056338
/industries/professional-services/,Fractional Sales Leadership for Professional Services,Scale Revenue in Competitive Markets,Key Sales Challenges in Professional Services,75,0,64,0.84,60,12,80,64,7.953125
/frequently-asked-questions/,Frequently Asked Questions,General Questions,Engagement & Pricing,73,0,70,0.7123287671,59,21,91,70,23.38571429
/private-equity-solutions/contact/,Contact Our PE Team,,,73,0,72,0.3698630137,68,46,145,72,27.65277778
/news-events/,Sales Xceleration News and Upcoming Events,Sales Xceleration Introduces Fractional Sales Leaders in Multiple Key Markets,Top Sales Experts Join Sales Xceleration to Boost Small Business Success,70,0,66,0.5142857143,55,34,135,64,29.1875
/the-consequences-of-price-reductions/,The Consequences of Price Reductions,Think Twice Before You Discount,When should you offer discounts?,63,0,62,0.5238095238,62,30,67,62,17.43548387
/7-things-sales-managers-do-wrong/,7 Things Sales Managers Do WRONG,Not Setting Clear Goals and Targets,Not Providing Enough Training and Support,61,0,58,0.6721311475,57,20,111,58,21.74137931
/sales-strategy/,Sales Strategy Consulting Services,Transform Your Sales with Proven Expertise,Build Your Sales Strategy with Our Proven Framework,58,0,51,0.6034482759,38,23,103,50,50.64
/using-ride-along-better-sales-management-coaching/,Using the Ride-Along for Better Sales Management and Coaching,,,56,0,55,0.5535714286,55,25,58,55,58.69090909
/private-equity-solutions/private-equity/,Private Equity Growth with Expert Sales Strategies,Accelerate Growth. Maximize Returns.,Maximizing Organic Growth,55,0,36,0.6363636364,23,20,81,35,31.34285714
/books/7th-edition-2025-state-of-sales/,7th Edition: 2025 State of Sales,,,54,0,53,0.4814814815,47,28,76,51,24.54901961
/sales-management/,Sales Management Consulting Services,Transform Your Sales with Proven Expertise,How We Build Your Sales Success,53,0,53,0.7358490566,49,14,65,53,13.41509434
/want-better-sales-process-consider-buyers-process-first/,Want a Better Sales Process? Consider the Buyer’s Process First.,,,52,0,52,0.8846153846,52,6,54,52,15.36538462
/active-listening-in-sales/,Active Listening in Sales: The Secret to Selling More by Overcoming Objections and Providing Real Solutions,,,48,0,46,0.6458333333,46,17,48,46,51.89130435
/sales-infrastructure/,Sales Infrastructure Consulting Services,What is Sales Infrastructure?,Your Foundation for Scalable and Efficient Growth,48,0,40,0.8125,31,9,53,37,22.67567568
/ai-for-sales/,Artificial Intelligence (AI) for Sales,Embrace AI to Enhance Sales Strategies,,47,1,47,0.5531914894,36,21,61,46,18.65217391
/whats-wallet-time-fund-sales-tool-kit/,“What’s in your Wallet?” Time to Fund Your Sales Tool Kit,,,45,0,44,0.7111111111,44,13,49,44,21.72727273
/why-when-who-hiring-fractional-vp-sales/,"Sales Consulting 101: The “Why, When & Who” of Hiring a Fractional VP of Sales",,,45,1,42,0.5555555556,40,20,73,42,70.52380952
/books/intelligent-sales-pipeline/,Improving Your Lead Generation and Qualifications Processes,,,41,0,39,0.3658536585,34,26,72,38,25.36842105
/discount-selling-price/,Should You Discount Your Selling Price?,,,41,0,38,0.5853658537,38,17,43,38,42.86842105
/ebooks/,Sales eBooks for SMBs from Sales Xceleration,Unlock Sales Growth with AI,State of Sales: Small to Mid-Size Business,38,0,37,0.5263157895,35,18,75,37,27.08108108
/privacy-policy/,Privacy Policy,,,38,0,38,0.6842105263,38,12,38,38,10.28947368
/how-we-serve/,How We Serve,"“Integrity, character and ethics, lived out in service for others""",Sales Xceleration Day of Giving,36,0,33,0.6666666667,22,12,47,32,95.84375
/industries/manufacturing/,Fractional Sales Leadership for Manufacturing Companies,Scale Revenue in Competitive Markets,Key Sales Challenges in Manufacturing,36,0,33,0.6111111111,25,14,52,32,37.3125
/private-equity-solutions/,"Creating Scalable, Profitable Revenue Growth",Our Advisors have a proven track record of collaborating with PE Firms,Maximize Your Return on Investment,36,1,32,0.5833333333,20,15,98,29,143.2413793
/case-study/technology/,Technology: Learning to Build a True Sales Organization,,,35,0,35,0.7142857143,33,10,86,35,24.57142857
/sales-team/,Sales Team Development Services,Your Foundation for Scalable and Efficient Growth,Read Real Success Stories,35,1,33,0.7142857143,29,10,46,32,12
/html-sitemap/,HTML Sitemap,,,34,0,34,0.9411764706,33,2,34,34,2.941176471
/salesperson-reputations-bad-overcome-trap/,Why Salesperson Reputations Are So Bad (and How to Overcome This Trap),,,33,0,33,0.4848484848,33,17,36,33,28.81818182
/industries/financial-services/,Fractional Sales Leadership for Financial Services,Scale Revenue in Competitive Markets,Key Sales Challenges in Financial Services,31,0,28,0.4838709677,24,16,53,28,36.28571429
/private-equity-solutions/portfolio-company/,Accelerate Your Sales Success with Proven Expertise,Maximizing Sales Growth,Certified Sales Leadership,28,0,27,0.5357142857,17,13,48,27,35.77777778
/industries/technology/,Fractional Sales Leadership for Tech Companies,Scale Revenue in Competitive Markets,Key Sales Challenges in the Tech Space,26,4,21,0.5384615385,14,12,34,21,17.57142857
/private-equity-solutions/case-studies/,Private Equity Case Studies,"Let’s build your path to profitability, together.",,26,0,20,0.6538461538,11,9,51,19,84.26315789
/how-to-define-and-analyze-your-target-market-for-growth/,How to Define and Analyze Your Target Market for Growth,Target Market Segments,Target Market Examples,25,0,25,0.68,25,8,25,25,9.64
/case-study/manufacturing/,Manufacturing: Creating the Structure to Boost Revenue & Profit,,,24,0,24,0.7083333333,25,7,28,24,3.208333333
/sales-connection/,Sales Connection,,,24,1,24,0.7083333333,21,7,41,24,15.08333333
/how-silence-can-help-you-sell-more/,How Silence Can Help You Sell More,,,23,0,23,0.6086956522,23,9,25,23,22.82608696
/sales-agility-assessment/?locationid=22577475,Evaluation of Sales Performance,,,23,0,23,0.8695652174,22,3,24,23,4.565217391
/case-study/developing-a-strategy-for-ensured-success/,Medical Device Healthcare: Developing a Strategy for Ensured Success,Executive Summary,The Big Win,22,0,22,0.6818181818,22,7,31,22,27.22727273
/mastering-ai-for-sales-prospecting/,Mastering AI for Sales Prospecting,AI’s Role in Sales Prospecting,Building the Sales Pipeline,22,0,21,0.5909090909,21,9,22,21,8.619047619
/5-tips-to-boost-your-sales-performance/,5 Tips to Boost Your Sales Performance,1. Evaluate Your Sales Performance from the Previous Year,2. Develop a Sales Strategy with Realistic Goals,21,0,21,0.5238095238,21,10,22,21,11.57142857
/increase-selling-price/,Should You Increase Your Selling Price?,,,21,0,20,0.5714285714,19,9,22,20,27.05
/how-to-use-your-past-to-shape-a-more-purposeful-future/,How to Use Your Past to Shape a More Purposeful Future,,,20,0,19,0.5,19,10,20,19,17.52631579
/is-your-sales-manager-still-selling-big-mistake-heres-why/,Is Your Sales Manager Still Selling? Big Mistake. Here’s Why:,,,20,0,19,0.75,18,5,20,18,36.66666667
/how-smbs-should-address-inflation-in-5-key-steps/,How SMBs Should Address Inflation in 5 Key Steps,What challenges does a recession pose to SMBs?,Why does the recession affect SMBs so disproportionately?,19,0,19,0.9473684211,19,1,19,19,1.368421053
/increasing-sales-walking-away/,Increasing Sales by Walking Away More Often,,,19,0,19,0.8421052632,19,3,19,19,4.526315789
/lost-order-dont-lose-connection/,You Lost the Order – Don’t Make Things Worse by Losing the Connection,,,19,0,19,0.5263157895,19,9,19,19,21.78947368
/sales-agility-assessment/?locationid=22577447,Evaluation of Sales Performance,,,19,0,19,1,19,0,19,19,0.9473684211
/crm-definition-and-tips-for-success/,What is a CRM (and Why Is It Essential To Your Sales Team’s Success)?,,,18,0,18,0.6666666667,19,6,24,18,15.33333333
/sales-agility-the-secret-to-successful-small-businesses/,Sales Agility: The Secret to Successful Small Businesses,Unpacking the Sales Agility Assessment,1. Companies aren’t compensating sales reps in a way that drives desired behaviors.,18,0,17,0.8333333333,17,3,19,17,6.470588235
/author/salesxceleration/,Sales Xceleration Team,,,17,0,17,0.7647058824,15,4,19,17,6.647058824
/business-owners-shouldnt-act-sales-manager/,"Why Most Business Owners Shouldn’t Act As Sales Manager, Too",,,17,0,16,0.7058823529,16,5,17,16,23.625
/case-study/hand-held-test-equipment-manufacturer/,Equipment Manufacturing: Streamlining Processes to Accomplish Forecast Accuracy,Executive Summary,The Big Win,17,0,17,0.8235294118,15,3,20,17,2.058823529
/news-events/sales-agility-assessment/,"PRESS RELEASE: Outsourced Sales Management Company Offers New Sales Agility Assessment ℠ Online, to Evaluate Sales Effectiveness in Small-to-Medium Companies",,,17,0,17,0.9411764706,17,1,17,17,1.882352941
/author/maura-kautsky/,Maura Kautsky,,,16,0,16,0.75,16,4,16,16,4
/how-ai-can-act-as-the-perfect-complement-to-sales-teams/,How AI Can Act as the Perfect Complement to Sales Teams,,,16,0,16,1,16,0,16,16,0.75
/sales-hiring-strategy-how-to-hire-top-sales-talent/,Sales Hiring Strategy: How to Hire Top Sales Talent,1. Define Your Ideal Candidate,2. Source Candidates Via Multiple Platforms And Channels,16,0,16,0.875,16,2,17,16,2.8125
/sales-xcelerators-peer-group/,Sales Xcelerators Peer Group,,,16,0,16,0.6875,15,5,30,16,29.75
/the-power-of-serving-versus-selling/,The Power of Serving Versus Selling,The Trouble with Selling,The Power of Serving,16,0,16,0.9375,16,1,16,16,1.8125
/the-sales-strategy-shift-most-founders-miss/,The Sales Strategy Shift Most Founders Miss,Key takeaways:,Episode highlights:,16,0,16,0.9375,14,1,16,16,3
/5-keys-to-a-successful-sales-compensation-plan/,5 Keys to a Successful Sales Compensation Plan,,,15,0,15,0.6666666667,15,5,15,15,12.4
/five-steps-to-master-personalization-in-sales/,Five Steps to Master Personalization in Sales,Understanding the Power of Personalization,Five Actionable Steps to Tailor Your Sales Approach,15,0,14,0.8666666667,14,2,15,14,0.9285714286
/industries/legal/,Fractional Sales Leadership for Legal Firms,Key Sales Challenges in the Legal Industry,Why Fractional Sales Leadership Fits Legal Firms,15,0,13,0.6,11,6,48,13,66.92307692
/news-events/kevin-shaughnessy-san-antonio-entrepreneurs/,Sales Xceleration Advisor Kevin Shaughnessy – Giving Back to San Antonio Entrepreneurs,,,15,0,15,0.8666666667,15,2,16,15,11.26666667
/why-i-left-a-successful-career-in-sales-leadership/,Thrive Global – Why I Left a Successful Career in Sales Leadership,,,15,0,15,0.5333333333,15,7,19,15,31.6
/12-ways-to-make-sure-your-vision-casting-makes-ripples/,12 Ways to Make Sure Your Vision Casting Makes Ripples,,,14,0,14,0.8571428571,14,2,14,14,7
/author/kshaughnessy/,Kevin Shaughnessy,,,14,0,14,0.6428571429,15,5,15,14,4.571428571
/creating-a-sales-process-that-meets-modern-buyer-needs/,Creating a Sales Process That Meets Modern Buyer Needs,Component 1: Sales Process,Component 2: Sales Compensation Plans,14,0,14,1,14,0,14,14,0.5
/five-things-top-sales-leaders-differently/,Five Things Top Sales Leaders Do Differently,,,14,0,14,1,14,0,14,14,0.07142857143
/how-top-salespeople-thrive-in-a-fast-paced-world/,How Top Salespeople Thrive in a Fast-Paced World,,,14,0,14,0.8571428571,14,2,14,14,5.357142857
/smarter-sales-with-ai-without-the-security-risk/,Smarter Sales with AI—Without the Security Risk,Securing Success: AI Safety and Data Protocols Every SMB Sales Teams,Why AI Security Matters More Than Ever,14,0,14,0.7857142857,13,3,14,14,6.928571429
/tie-a-bow-on-your-company/,Tie A BOW on Your Company,,,14,0,14,1,14,0,14,14,0
/author/hdanz/,Harry Danz,,,13,0,13,0.9230769231,13,1,13,13,1.538461538
/author/tgardner/,Tom Gardner,,,13,0,13,1,13,0,13,13,2.538461538
/case-study/specialty-electrical-component-distributor/,Specialty Electrical Component Distributor: Aligning Management with Sales to Reduce Costs,Executive Summary,The Big Win,13,0,13,0.8461538462,13,2,15,13,2.769230769
/choose-your-path-and-make-a-difference/,Choose Your Path and Make a Difference,“Fear Disguised as Practicality”,“You Can Fail at What You Don’t Want”,13,0,13,1,13,0,13,13,0.7692307692
/retired-fired-or-fired-up-the-new-vp-of-sales-opportunity/,"Retired, Fired or FIRED UP? The New VP of Sales Opportunity.",,,13,0,12,0.6923076923,12,4,13,12,24.33333333
/what-is-the-impact-of-covid-19-on-your-sales-process/,What is the Impact of COVID-19 on Your Sales Process?,Impact of COVID-19 on Sales Survey,Challenges of Virtual Selling,13,0,13,1,13,0,13,13,1.230769231