Content URL,Cluster ID,Intent Tag
https://www.sterlinglawyers.com/illinois/blog/evanston-paternity-lawyers-guide-legal-procedures/,PT,
https://www.sterlinglawyers.com/illinois/blog/hoffman-estates-alimony-lawyers-fair-spousal-support/,SPO-SUP,
https://www.sterlinglawyers.com/illinois/blog/prove-deserve-alimony-naperville-spousal-support-lawyers/,SPO-SUP,
https://www.sterlinglawyers.com/illinois/blog/peace-of-mind-child-support-process-evanston/,CH-SUP,
https://www.sterlinglawyers.com/illinois/blog/understanding-nuances-contested-divorce-hoffman-estates/,DIV,
https://www.sterlinglawyers.com/illinois/blog/securing-brighter-future-child-support-guidance-schaumburg/,CH-SUP,
https://www.sterlinglawyers.com/illinois/blog/hoffman-estates-paternity-judgments-misrepresentation-overturn/,PT,
https://www.sterlinglawyers.com/illinois/blog/evanston-contested-divorce-attorney-make-difference/,DIV,
https://www.sterlinglawyers.com/illinois/blog/evanston-divorce-mediation-lawyers-bring-families-together/,DIV,
https://www.sterlinglawyers.com/illinois/blog/cook-county-paternity-disputes-legal-representation-importance/,PT,
https://www.sterlinglawyers.com/illinois/blog/protecting-interests-navigating-uncontested-divorce-evanston/,DIV,
https://www.sterlinglawyers.com/illinois/blog/hoffman-estates-lawyers-making-difference-contested-divorces/,DIV,
https://www.sterlinglawyers.com/illinois/blog/maneuvering-spousal-support-challenges-arlington-heights-lawyers/,SPO-SUP,
https://www.sterlinglawyers.com/illinois/blog/beacon-of-hope-property-division-matters-arlington-heights/,PROP-DIV,
https://www.sterlinglawyers.com/illinois/blog/strengthen-your-schaumburg-child-custody-case/,CH-CUS,
https://www.sterlinglawyers.com/illinois/blog/understanding-child-custody-options-chicago/,CH-CUS,
https://www.sterlinglawyers.com/illinois/blog/finding-support-chicago-collaborative-divorce/,DIV,
https://www.sterlinglawyers.com/illinois/blog/property-division-cook-county-legal-guidance/,PROP-DIV,
https://www.sterlinglawyers.com/illinois/blog/client-centric-approach-arlington-heights-collaborative-divorce/,DIV,
https://www.sterlinglawyers.com/illinois/blog/unlocking-spousal-support-hoffman-estates/,SPO-SUP,
https://www.sterlinglawyers.com/illinois/blog/finding-middle-ground-assistance-naperville-divorce-mediation-attorneys/,DIV,
https://www.sterlinglawyers.com/illinois/blog/attorney-lessen-burden-arlington-heights-contested-divorce/,DIV,
https://www.sterlinglawyers.com/illinois/blog/breaking-free-hoffman-estates-uncontested-divorce-lawyers/,DIV,
https://www.sterlinglawyers.com/illinois/blog/arlington-heights-divorce-mediation-attorney-resolution/,DIV,
https://www.sterlinglawyers.com/illinois/blog/supporting-clients-collaborative-divorce-schaumburg-lawyers/,DIV,
https://www.sterlinglawyers.com/illinois/blog/drawing-strength-attorney-proficiency-military-divorce/,DIV,
https://www.sterlinglawyers.com/illinois/blog/untangling-web-schaumburg-property-division-laws/,PROP-DIV,
https://www.sterlinglawyers.com/illinois/blog/why-legal-representation-matters-child-support-cases/,CH-SUP,
https://www.sterlinglawyers.com/illinois/blog/preparedness-divorce-mediation-arlington-heights-attorney/,DIV,
https://www.sterlinglawyers.com/illinois/blog/overcoming-challenges-contested-divorce-arlington-heights/,DIV,
https://www.sterlinglawyers.com/illinois/blog/empathetic-counsel-evanston-child-support-matters/,CH-SUP,
https://www.sterlinglawyers.com/illinois/blog/evanston-paternity-lawyers-figure-out-fatherhood/,PT,
https://www.sterlinglawyers.com/illinois/blog/architecting-legal-triumphs-uncontested-divorce-schaumburg-lawyers/,DIV,
https://www.sterlinglawyers.com/illinois/blog/chicago-contested-divorce-lawyers-solve-uncertainty-heartache/,DIV,
https://www.sterlinglawyers.com/illinois/blog/supporting-fathers-evanston-child-custody-disputes/,CH-CUS,
https://www.sterlinglawyers.com/illinois/blog/securing-future-evanston-spousal-support-disputes/,SPO-SUP,
https://www.sterlinglawyers.com/illinois/blog/steering-course-naperville-attorneys-role-military-divorce/,DIV,
https://www.sterlinglawyers.com/illinois/blog/exploring-advocacy-paternity-laws-arlington-heights-attorney/,PT,
https://www.sterlinglawyers.com/illinois/blog/exploring-role-evanston-attorney-divorce-mediation/,DIV,
https://www.sterlinglawyers.com/illinois/blog/evanston-property-division-skilled-legal-counsel/,PROP-DIV,
https://www.sterlinglawyers.com/illinois/blog/finding-clarity-property-division-hoffman-estates/,PROP-DIV,
https://www.sterlinglawyers.com/illinois/blog/taking-an-inside-look-at-contested-divorces-in-naperville/,DIV,
https://www.sterlinglawyers.com/illinois/blog/legal-experience-avoid-pitfalls-cook-county-child-custody/,CH-CUS,
https://www.sterlinglawyers.com/illinois/blog/guiding-contested-divorce-courtroom-compass/,DIV,
https://www.sterlinglawyers.com/illinois/blog/paternity-quickly-cook-county/,PT,
https://www.sterlinglawyers.com/illinois/blog/prepare-chicago-uncontested-divorce-lawyer/,DIV,
https://www.sterlinglawyers.com/illinois/blog/decoding-divorce-mediation-hoffman-estates/,DIV,
https://www.sterlinglawyers.com/illinois/blog/naperville-paternity-lawyers-simplify-family-law-cases/,PT,
https://www.sterlinglawyers.com/illinois/blog/chicago-child-support-lawyers-restore-family-well-being-legal-peace/,CH-SUP,
https://www.sterlinglawyers.com/illinois/blog/crafting-legal-solutions-contested-divorce-schaumburg/,DIV,
https://www.sterlinglawyers.com/illinois/blog/managing-lifes-transitions-with-evanston-military-divorce-lawyers/,DIV,
https://www.sterlinglawyers.com/illinois/blog/standing-strong-chicago-divorce-mediation-lawyers/,DIV,
https://www.sterlinglawyers.com/illinois/blog/family-stability-hoffman-estates-child-custody/,CH-CUS,
https://www.sterlinglawyers.com/illinois/blog/confidence-with-arlington-heights-child-support-lawyers/,CH-SUP,
https://www.sterlinglawyers.com/illinois/blog/unwavering-advocacy-schaumburg-property-division-cases/,PROP-DIV,
https://www.sterlinglawyers.com/illinois/blog/collaborative-divorce-naperville-smoothing-path/,DIV,
https://www.sterlinglawyers.com/illinois/blog/turning-tides-child-custody-battles-hoffman-estates-attorney/,CH-CUS,
https://www.sterlinglawyers.com/illinois/blog/empowering-military-divorce-decisions-schaumburg-attorney/,DIV,
https://www.sterlinglawyers.com/illinois/blog/divorce-finances-intact-property-division-hoffman-estates/,PROP-DIV,
https://www.sterlinglawyers.com/illinois/blog/arlington-heights-property-division-lawyers-expectations/,PROP-DIV,
https://www.sterlinglawyers.com/illinois/blog/paving-way-to-paternity-rights-naperville-attorney/,PT,
https://www.sterlinglawyers.com/illinois/blog/facing-uphill-battle-contested-divorce-evanston/,DIV,
https://www.sterlinglawyers.com/illinois/blog/reasonable-support-orders-arlington-heights/,CH-SUP,
https://www.sterlinglawyers.com/illinois/blog/conquering-legal-maze-paternity-hoffman-estates/,PT,
https://www.sterlinglawyers.com/illinois/blog/deftly-steering-naperville-contested-divorce-procedures/,DIV,
https://www.sterlinglawyers.com/illinois/blog/turning-unknown-into-known-chicago-spousal-support-lawyers/,SPO-SUP,
https://www.sterlinglawyers.com/illinois/blog/safeguarding-futures-chicago-lawyers-uncontested-divorces/,DIV,
https://www.sterlinglawyers.com/illinois/blog/navigating-daunting-property-division-chicago/,PROP-DIV,
https://www.sterlinglawyers.com/illinois/blog/finding-footing-navigating-hoffman-estates-divorce-mediation/,DIV,
https://www.sterlinglawyers.com/illinois/blog/evanston-collaborative-family-law-conflicts-solution/,DIV,
https://www.sterlinglawyers.com/illinois/blog/chicago-collaborative-divorce-lawyers-advocate-for-mothers/,DIV,
https://www.sterlinglawyers.com/illinois/blog/meticulous-approach-to-uncontested-divorce-resolutions/,DIV,
https://www.sterlinglawyers.com/illinois/blog/sailing-through-storm-military-divorce-arlington-heights/,DIV,
https://www.sterlinglawyers.com/illinois/blog/establishing-safe-harbor-child-custody-chicago-lawyers/,CH-CUS,
https://www.sterlinglawyers.com/illinois/blog/working-through-family-law-chicago-property-division-lawyers/,PROP-DIV,
https://www.sterlinglawyers.com/illinois/blog/unraveling-uncontested-divorce-with-evanston-lawyer/,DIV,
https://www.sterlinglawyers.com/illinois/blog/parents-schaumburg-lawyer-child-support-disputes/,CH-SUP,
https://www.sterlinglawyers.com/illinois/blog/achieving-balance-fairness-schaumburg-divorce/,DIV,
https://www.sterlinglawyers.com/illinois/blog/naperville-property-division-pitfalls-avoidance/,PROP-DIV,
https://www.sterlinglawyers.com/illinois/blog/know-rights-paternity-law-schaumburg-attorneys/,PT,
https://www.sterlinglawyers.com/illinois/blog/prioritizing-children-welfare-custody-battles-schaumburg/,CH-CUS,
https://www.sterlinglawyers.com/illinois/blog/unveiling-collaborative-divorce-naperville-mother/,DIV,
https://www.sterlinglawyers.com/illinois/blog/experienced-legal-counsel-chicago-military-divorces/,DIV,
https://www.sterlinglawyers.com/illinois/blog/balancing-professional-life-personal-crisis-evanston-spousal-support-lawyers/,SPO-SUP,
https://www.sterlinglawyers.com/illinois/blog/crafting-legal-strategy-child-support-arlington-heights/,CH-SUP,
https://www.sterlinglawyers.com/illinois/blog/establishing-paternity-protecting-future-cook-county/,PT,
https://www.sterlinglawyers.com/illinois/blog/arlington-heights-uncontested-divorce-attorneys-make-two-homes-feel-like-one/,DIV,
https://www.sterlinglawyers.com/illinois/blog/planning-uncontested-divorce-schaumburg-steps/,DIV,
https://www.sterlinglawyers.com/illinois/blog/sterling-lawyers-navigate-child-custody-arlington-heights/,CH-CUS,
https://www.sterlinglawyers.com/illinois/blog/charting-course-child-support-challenges-naperville/,CH-SUP,
https://www.sterlinglawyers.com/illinois/blog/developing-plan-schaumburg-military-divorce/,DIV,
https://www.sterlinglawyers.com/illinois/blog/navigating-military-divorce-unyielding-support-unparalleled-guidance/,DIV,
https://www.sterlinglawyers.com/illinois/blog/what-can-i-expect-arlington-heights-collaborative-divorce-lawyers/,DIV,
https://www.sterlinglawyers.com/illinois/blog/crucial-role-naperville-attorneys-uncontested-divorce/,DIV,
https://www.sterlinglawyers.com/illinois/blog/lessons-real-life-military-divorce-evanston/,DIV,
https://www.sterlinglawyers.com/illinois/blog/uncontested-divorce-hoffman-estates-legal-guidance/,DIV,
https://www.sterlinglawyers.com/illinois/blog/naperville-attorney-compassion-divorce-mediation/,DIV,
https://www.sterlinglawyers.com/illinois/blog/challenges-triumphs-child-custody-naperville/,CH-CUS,
https://www.sterlinglawyers.com/illinois/blog/hoffman-estates-military-divorces-legal-protection/,DIV,
https://www.sterlinglawyers.com/illinois/blog/surviving-property-division-storm-evanston-lawyers/,PROP-DIV,
https://www.sterlinglawyers.com/illinois/blog/blueprint-navigating-paternity-proceedings-chicago/,PT,
https://www.sterlinglawyers.com/illinois/blog/steadfast-legal-advocacy-spousal-support-schaumburg/,SPO-SUP,
https://www.sterlinglawyers.com/illinois/blog/unraveling-legal-intricacies-child-support-naperville-lawyers/,CH-SUP,
https://www.sterlinglawyers.com/illinois/blog/take-charge-collaborative-divorce-evanston-lawyers/,DIV,
https://www.sterlinglawyers.com/illinois/blog/managing-legal-landscape-hoffman-estates-collaborative-divorce/,DIV,
https://www.sterlinglawyers.com/illinois/blog/naperville-uncontested-divorce-lawyers-saving-time/,DIV,
https://www.sterlinglawyers.com/illinois/blog/helping-guide-spousal-support-challenges-naperville/,SPO-SUP,
https://www.sterlinglawyers.com/illinois/blog/child-support-challenges-chicago-how-to-overcome/,CH-SUP,
https://www.sterlinglawyers.com/illinois/blog/exploring-complexities-property-division-naperville-lawyers/,PROP-DIV,
https://www.sterlinglawyers.com/illinois/blog/schaumburg-divorce-mediation-journey-sterling-lawyers/,DIV,
https://www.sterlinglawyers.com/illinois/blog/working-schaumburg-alimony-lawyers-stay-strong-through-storm/,SPO-SUP,
https://www.sterlinglawyers.com/illinois/blog/spouse-wants-everything-schaumburg-contested-divorce/,DIV,
https://www.sterlinglawyers.com/illinois/blog/strengthening-your-case-naperville-child-custody-lawyers/,CH-CUS,
https://www.sterlinglawyers.com/illinois/blog/navigating-child-support-hoffman-estates-attorneys/,CH-SUP,
https://www.sterlinglawyers.com/illinois/blog/an-insight-into-the-crucial-role-of-arlington-heights-military-divorce-attorney/,DIV,
https://www.sterlinglawyers.com/illinois/blog/arlington-heights-child-custody-lessons-learned/,CH-CUS,
